{"will smith":{"color":-16776961,"crop":{"mDensity":320,"mHeight":224,"mIsMutable":true,"mNativePtr":2377640448,"mRecycled":false,"mRequestPremultiplied":true,"mWidth":224},"distance":-1,"extra":[[0.005344036,0.0077524735,0.007914249,-0.004100289,-0.016350651,0.015341598,-0.11853251,-0.06697456,-0.08779053,-0.34740928,0.0035836855,-0.0012033061,0.007884805,0.0072226576,0.0012758048,0.0407749,0.0027366355,0.003740622,0.0039925054,0.010759774,0.07152627,-0.05668788,-0.09047858,0.0071524405,0.15804397,0.010880389,-0.003979641,-0.010436714,-0.08858323,0.018083746,0.008432237,-0.03158123,0.06254383,-0.0033176288,0.07347678,0.1462545,0.085646376,0.00034556343,0.002600918,0.11280281,-0.0065881717,-0.0011124839,-0.013912115,-0.0064307344,0.0050529516,0.044754453,-0.02809805,-0.16922568,-0.012878198,0.0624392,-0.13351695,-0.0013291724,-0.13040987,-0.0063947253,-0.15291269,-0.0031988318,0.18901402,-0.0011363168,0.002039142,0.004617693,0.028439462,0.06411388,0.10082237,-0.04759082,0.011116046,0.07974388,0.0041629197,0.0028505991,0.004495662,0.003600737,0.0052845883,-0.37483013,0.12863797,-0.013335048,0.021254256,0.014503782,0.016667768,0.000044067016,0.13318208,-0.053563617,0.00092847255,0.08148219,0.011729315,-0.07321622,0.10672316,0.0021575687,0.000912471,0.07614643,0.05885172,0.056259766,0.12038899,-0.0070345458,0.0012587548,-0.0041395007,-0.026054837,0.05003881,-0.089517504,0.083113536,0.0025845314,0.033745803,0.0013509634,0.009289839,-0.004916596,-0.002815644,0.0052051577,0.006296045,-0.07129831,0.0070391833,0.0014689281,0.0048021222,0.0906412,0.008191099,-0.009100138,-0.021901596,0.0033694054,0.2009305,-0.0075365184,0.041571993,-0.037474755,-0.039702892,0.025883298,0.040591426,-0.17448612,-0.0023473,0.0056284224,0.0036172713,0.00967867,-0.011269332,0.0052532703,-0.10935099,0.0017287793,0.017145414,-0.0018123646,0.064053394,-0.0326946,-0.001433524,-0.06155129,-0.045908593,0.0038511024,-0.0039057033,0.00010668092,-0.002312958,-0.002480869,0.08129157,0.15592468,-0.1910878,0.010661884,0.0072976244,0.0037389311,0.009077864,-0.014543799,-0.08016692,0.21583377,-0.0014251014,0.0073782,-0.00086521293,0.0034906494,0.012986842,-0.012140928,-0.0014487087,-0.011448606,-0.00037394356,0.0086549,0.000927046,-0.0039583477,0.0010573773,-0.0149426805,0.117633626,0.0012983724,-0.0013027734,-0.0016767372,-0.061307203,0.003955964,-0.097807735,0.02502298,-0.0045344573,0.07066283,0.03550408,-0.0019591635,-0.0056627374,-0.06748216,-0.13401341,-0.0017796368,-0.0042058374,-0.027724946,0.12002169,-0.037037347,-0.06726853,0.1102442,-0.13618451,0.016854962,-0.010918521]],"id":"0","location":{"bottom":368,"left":110,"right":334,"top":144},"title":""}}